title,location2,present_as,audience_type,date,audience_desc,location1
Speech by the President of Ukraine at the 58th Munich Security Conference,Germany,In-person,Multi-national,19/02/2022,Speech at the 58th munich security conference,Germany
Address by the President of Ukraine,"Ukraine, Russia",Virtual,Multi-national,25/02/2022,Prime-time television address to population. Specific calls to russian and european leaders.,Ukraine
Address by the President of Ukraine in the evening of the second day of the large-scale war,"Ukraine, Georgia",Virtual,Multi-national,26/02/2022,Prime-time television address to population. Specific calls to georgia and to european leaders.,Ukraine
President of Ukraine Volodymyr Zelenskyy addressed the citizens of Belarus,"Belarus, Ukraine",Virtual,Multi-national,27/02/2022,Prime-time television address to population (ukraine) - directed towards belarus.,Ukraine
Address by the President of Ukraine to the Parliament of the United Kingdom,United Kingdom,Virtual,National,8/03/2022,Address to the parliament of the united kingdom,United Kingdom
Speech by President of Ukraine Volodymyr Zelenskyy in the Sejm of the Republic of Poland,Poland,Virtual,National,11/03/2022,Speech in the sejm of the republic of poland,Poland
Address by President of Ukraine Volodymyr Zelenskyy to Italians and all Europeans,Italy,Virtual,National,12/03/2022,Speech to italian crowd,Italy
Speech by President of Ukraine Volodymyr Zelenskyy in the Parliament of Canada,Canada,Virtual,National,15/03/2022,Speech to the parliament of canada,Canada
Address by President of Ukraine Volodymyr Zelenskyy to the US Congress,USA,Virtual,National,16/03/2022,Address to the us congress,United States
Address by President of Ukraine Volodymyr Zelenskyy to the Bundestag,Germany,Virtual,National,17/03/2022,Address to the bundestag (germany),Germany
Address by President of Ukraine Volodymyr Zelenskyy to the people of Switzerland,Switzerland,Virtual,National,19/03/2022,Address to the people of switzerland,Switzerland
Speech by President of Ukraine Volodymyr Zelenskyy in the Knesset,Israel,Virtual,National,20/03/2022,Speech in the knesset (israel pm and government),Israel
Address by President of Ukraine Volodymyr Zelenskyy to the Italian Chamber of Deputies,Italy,Virtual,National,22/03/2022,Address to the italian chamber of deputies,Italy
Speech by President of Ukraine Volodymyr Zelenskyy in the Parliament of Japan,Japan,Virtual,National,23/03/2022,Speech in the parliament of japan,Japan
"Speech by the President of Ukraine at a joint meeting of the Senate, the National Assembly of the French Republic and the Council of Paris",France,Virtual,National,23/03/2022,"Speech at a joint meeting of the senate, the national assembly of the french republic and the council of paris",France
Speech by President of Ukraine Volodymyr Zelenskyy at the NATO Summit,"NATO states: Albania, Belgium, Bulgaria, Canada, Croatia, Czech Republic, Denmark, Estonia, Finland, France, Germany, Greece, Hungary, Iceland, Italy, Latvia, Lithuania, Luxembourg, Montenegro, Netherlands, Norway, Poland, Portugal, the Republic of Macedonia, Romania, Slovakia, Slovenia, Spain, Turkey, the United Kingdom, and the United States.",Virtual,Multi-national,24/03/2022,Speech at the nato summit,Belgium
Speech by the President of Ukraine at the Riksdag in Sweden,Sweden,Virtual,National,24/03/2022,Speech at the riksdag in sweden,Sweden
Address by President of Ukraine Volodymyr Zelenskyy to the participants of the Group of Seven summit,"Canada, France, Germany, Italy, Japan, the United Kingdom, and the United States",Virtual,Multi-national,24/03/2022,Address to the participants of the group of seven summit,Belgium
Speech by President of Ukraine Volodymyr Zelenskyy at a meeting of the European Council,"EU countries: Austria, Belgium, Bulgaria, Croatia, Republic of Cyprus, Czech Republic, Denmark, Estonia, Finland, France, Germany, Greece, Hungary, Ireland, Italy, Latvia, Lithuania, Luxembourg, Malta, Netherlands, Poland, Portugal, Romania, Slovakia, Slovenia, Spain and Sweden.",Virtual,Multi-national,25/03/2022,Speech at a meeting of the european council,Belgium
Speech by Head of the Office of the President of Ukraine Andriy Yermak during the participation in the video meeting of the Atlantic Council,USA,Virtual,National,25/03/2022,Speech in meeting of the atlantic council,United States
Speech by President of Ukraine Volodymyr Zelenskyy in Folketing,Denmark,Virtual,National,29/03/2022,Speech to the danish folketing,Denmark
Speech by President of Ukraine Volodymyr Zelenskyy in the Norwegian Storting,Norway,Virtual,National,30/03/2022,Speech in the norwegian storting,Norway
Speech by President of Ukraine Volodymyr Zelenskyy in the Australian Parliament,Australia,Virtual,National,31/03/2022,Speech to the australian parliament,Australia
Speech by President of Ukraine Volodymyr Zelenskyy in the States General of the Netherlands,Netherlands,Virtual,National,31/03/2022,Speech in the states general of the netherlands,Netherlands
Speech by President of Ukraine Volodymyr Zelenskyy in the Federal Parliament of Belgium,Belgium,Virtual,National,31/03/2022,Speech to the federal parliament of belgium,Belgium
Speech by President of Ukraine Volodymyr Zelenskyy in the Romanian Parliament,Romania,Virtual,National,4/04/2022,Speech to the romanian parliament,Romania
Speech by the President of Ukraine at a meeting of the UN Security Council,UN nations,Virtual,Multi-national,5/04/2022,Speech to the un security council,United States
Speech by the President of Ukraine in the Cortes Generales of Spain,Spain,Virtual,National,5/04/2022,Speech to the cortes generales of spain,Spain
"Speech by the President of Ukraine in Oireachtas, Parliament of Ireland",Ireland,Virtual,National,6/04/2022,Speech to the parliament of ireland,Ireland
Speech by President of Ukraine Volodymyr Zelenskyy in the Parliament of Greece,Greece,Virtual,National,7/04/2022,Speech to the parliament of greece,Greece
Speech by the President of Ukraine in the House of Representatives of Cyprus,Cyprus,Virtual,National,7/04/2022,Speech in the house of representatives of cyprus,Cyprus
"Speech by President of Ukraine Volodymyr Zelenskyy in Eduskunta, the Parliament of Finland",Finland,Virtual,National,8/04/2022,Speech to the parliament of finland,Finland
Speech by the President of Ukraine in the National Assembly of the Republic of Korea,South Korea,Virtual,National,11/04/2022,Speech in the national assembly of the republic of korea,South Korea
"Speech by President of Ukraine Volodymyr Zelenskyy in the Riigikogu, Estonian Parliament",Estonia,Virtual,National,13/04/2022,"Speech in the riigikogu, estonian parliament",Estonia
"Speech by President of Ukraine Volodymyr Zelenskyy in the Assembly of the Republic, Parliament of Portugal",Portugal,Virtual,National,21/04/2022,"Speech in the assembly of the republic, parliament of portugal",Portugal
Address by President Volodymyr Zelenskyy at the World Bank ministerial roundtable in support of Ukraine,World Bank round table,Virtual,Multi-national,22/04/2022,Address at the world bank ministerial roundtable,United States
Speech by President of Ukraine Volodymyr Zelenskyy in the Verkhovna Rada,United Kingdom,In-person,National,3/05/2022,Speech in the verkhovna rada with uk pm boris johnson present,United Kingdom
Speech by the President of Ukraine in the Parliament of Albania,Albania,Virtual,National,3/05/2022,Speech in the parliament of albania,Albania
Address by the President of Ukraine to the Danish people on the anniversary of the liberation of Denmark from the Nazis,Denmark,Virtual,Address to Danish people at the celebration of the anniversary of the liberation of Denmark from the Nazis,4/05/2022,NA,Denmark
Speech by President Volodymyr Zelenskyy at the High-Level International Donors' Conference in Support of Ukraine in Warsaw,Internaitonal donors,Virtual,Multi-national,5/05/2022,Speech at the high-level international donors' conference in support of ukraine in warsaw,Poland
"Address by President Volodymyr Zelenskyy to the participants of the Brave Ukraine Charity Event, the people of Great Britain and the people of Ukraine",United Kingdom,Virtual,National,5/05/2022,Address to the participants of the brave ukraine charity event,United Kingdom
Speech by President of Ukraine Volodymyr Zelenskyy at Chatham House,United Kingdom,Virtual,Multi-national,6/05/2022,Speech at chatham house,United Kingdom
"Speech by the President of Ukraine in the Althing, the Parliament of Iceland",Iceland,Virtual,National,6/05/2022,Speech to the parliament of iceland,Iceland
Speech by the President of Ukraine at the video conference of the G7 leaders," Canada, France, Germany, Italy, Japan, the United Kingdom, and the United States, the European Union.",Virtual,Multi-national,8/05/2022,Speech to the g7 leaders,Germany
Speech by the President of Ukraine at the National Council of the Slovak Republic,Slovakia,Virtual,National,10/05/2022,Speech at the national council of the slovak republic,Slovakia
Speech by President of Ukraine Volodymyr Zelenskyy to students of leading French universities,France,Virtual,National,11/05/2022,Speech to students of leading french universities,France
Speech by the President of Ukraine at The Atlantic Council’s Distinguished Leadership Awards,USA,Virtual,Multi-national,12/05/2022,Speech at the atlantic council’s distinguished leadership awards,United States
Address by President of Ukraine Volodymyr Zelenskyy to American students during online communication with the US university community,USA,Virtual,National,16/05/2022,Address to american students during online communication with the us university community,United States
"Today there is a war for freedom again, and again it is necessary for cinematography not to be dumb",France,Virtual,Multi-national,17/05/2022,Address to the filmmaking community at the opening of the 75th cannes international film festival,France
Speech by President of Ukraine Volodymyr Zelenskyy during the joint participation with President of the Republic of Poland Andrzej Duda in the plenary session of the Verkhovna Rada,Poland,In-person,National,22/05/2022,Speech during the joint participation with president of the republic of poland andrzej duda in the plenary session of the verkhovna rada,Poland
We should not be afraid to set new precedents,World Economic Forum members,Virtual,Multi-national,23/05/2022,Speech at the world economic forum in davos,Switzerland
Speech by President of Ukraine Volodymyr Zelenskyy in the Saeima of Latvia,Latvia,Virtual,National,26/05/2022,Speech in the saeima of latvia,Latvia
Russia's war against Ukraine affects global situation,Indonesia,Virtual,National,27/05/2022,Address to the foreign policy community of indonesia (fpci),Indonesia
"Ukrainians and Americans have become much closer: we equally understand the word ""freedom""",USA,Virtual,National,27/05/2022,Adress to the stanford university community,United States
Address by President of Ukraine Volodymyr Zelenskyy to the European Council,European Union,Virtual,Multi-national,30/05/2022,Address to the european council,Belgium
Speech by the President of Ukraine in the Chamber of Deputies of Luxembourg,Luxembourg,Virtual,National,2/06/2022,Speech to the chamber of deputies of luxembourg,Luxembourg
We must respond to all the challenges and dangers that Russia has created against us,"Bratislava, Forum members",Virtual,Multi-national,2/06/2022,Address at the globsec international security forum in bratislava,Slovakia
Don't help Russia justify itself and don't let the murderers call you their brothers and sisters,USA,Virtual,National,4/06/2022,Address to the participants of the 90th annual meeting of the us conference of mayors,United States
Speech by President of Ukraine Volodymyr Zelenskyy at the presentation of the United24 platform in Washington,USA,Virtual,National,4/06/2022,Speech at the presentation of the united24 platform in washington,United States
Address by the President of Ukraine to the guests and participants of the Lithuanian National Film Award Sidabrinė gervė in Vilnius,Lithuania,Virtual,National,5/06/2022,Address at the lithuanian national film award sidabrinė gervė in vilnius,Lithuania
"Political history always goes alongside economic one, and success can be common only",Ukraine,Virtual,Multi-national,8/06/2022,Address to the participants of ukraine virtual investor conference,Ukraine
We must use all our influence and leadership to protect freedom and ensure the defeat of tyranny,"USA, international audience",Virtual,Multi-national,9/06/2022,Speech during the time100 gala,United States
"The world must remove everything that hinders cooperation and development, and Russian aggression is a key obstacle","Australia,  Austria, Belgium, Czech Republic, Denmark, Estonia, Finland, France, Germany, Greece, Hungary, Iceland, Ireland, Italy, Latvia, Lithuania, Luxembourg, Netherlands, Norway, Poland, Portugal, Slovak Republic, Slovenia, Spain, Sweden, Switzerland, and the United Kingdom",Virtual,Multi-national,9/06/2022,Address at the opening of the meeting of the organization for economic cooperation and development,Denmark
Democracy can lose on the European continent if words are not backed up by action,Denmark,Virtual,Multi-national,10/06/2022,Address to the participants of the copenhagen democracy summit,Denmark
"Ukraine is fighting for its future, Russia is fighting for someone else's past, which is why we will win",United Kingdom,Virtual,National,10/06/2022,Address to the student community of leading british universities,United Kingdom
"On the battlefield in Ukraine, it is being decided what rules the world will live by","Australia, Brunei, Cambodia, Canada, Chile, China, France, Germany, India, Indonesia, Japan, South Korea, Laos, Malaysia, Mongolia, Myanmar, New Zealand, Pakistan, the Philippines, Russia, Sri Lanka, Sweden, Thailand, Timor-Leste, Ukraine, the United Kingdom, the United States and Vietnam.",Virtual,Multi-national,11/06/2022,"Address at the shangri-la dialogue, the asian security summit",Singapore
Address by the President of Ukraine to the participants of the charity evening organized by CORE,United States,Virtual,Multi-national,12/06/2022,Address to the participants of the charity evening organized by core,United States
Address by President Volodymyr Zelenskyy to the participants of the American Jewish Committee Global Forum,United States,Virtual,National,13/06/2022,Address to the participants of the american jewish committee global forum,United States
Address by the President of Ukraine to both houses of the Parliament of the Czech Republic,Czech Republic,Virtual,National,15/06/2022,Address to both houses of the parliament of the czech republic,Czech Republic
Both Ukraine and the Western Balkans are equally interested in a united Europe,North Macedonia,Virtual,Multi-national,17/06/2022,Address to the participants of the prespa forum dialogue,North Macedonia
The Three Seas Initiative needs the potential of Ukraine,Austria Bulgaria Croatia Czech Republic Estonia Hungary Latvia Lithuania Poland Romania Slovakia Slovenia,Virtual,Multi-national,20/06/2022,Address to the participants of the three seas initiative summit,Latvia
"In order to eliminate the threat of famine, Russia's efforts to return to the aggressive policy of colonialism must end",African Union,Virtual,Multi-national,20/06/2022,Address at the session of the bureau of the assembly of the african union,Senegal
We need to do even more for Ukraine to win,"Indonesia, France, USA, EU, others (full list unclear)",Virtual,Multi-national,20/06/2022,Address at the opening of the ispi global policy forum,Italy
I believe that the power of human creativity is greater than the power of a nuclear state,France,Virtual,Multi-national,21/06/2023,Speech  to the participants of the cannes lions international festival,France
"Address by President of Ukraine Volodymyr Zelenskyy to the participants of the Embrace Ukraine - #StrivingTogether charity telethon, which took place in Amsterdam",Netherlands,Virtual,National,22/06/2022,"Speech to the participants of the embrace ukraine - #strivingtogether charity telethon, which took place in amsterdam",Netherlands
"We are fighting for our future, our freedom, our land and the opportunity to build a new Ukraine",Canada,Virtual,National,22/06/2022,Speech to the student community of major canadian universities,Canada
This is the biggest step towards strengthening Europe that could be taken right now,European Union,Virtual,Multi-national,23/06/2022,Address to the participants of the eu summit after granting ukraine the status of a candidate for membership,Belgium
"Share the feeling of freedom, spread the truth about Russia’s war, help Ukrainians",United Kingdom,Virtual,National,24/06/2022,Speech to the glastonbury festival participants,United Kingdom
"Ukraine became a candidate for EU membership, Georgia is on this path",Georgia,Virtual,National,25/06/2022,"Speech to the participants of the ""home, to europe"" rally in tbilisi",Georgia
"It is necessary that Russia stops killing people, it is necessary to bring it to justice for terrorism",UN nations,Virtual,Multi-national,29/06/2022,Speech at the meeting of the un security council,United States
You have to find a place for Ukraine in the common security space,"NATO states: Albania, Belgium, Bulgaria, Canada, Croatia, Czech Republic, Denmark, Estonia, Finland, France, Germany, Greece, Hungary, Iceland, Italy, Latvia, Lithuania, Luxembourg, Montenegro, Netherlands, Norway, Poland, Portugal, the Republic of Macedo",Virtual,Multi-national,29/06/2022,Speech at the nato summit,Spain
We are obliged to win the war unleashed by Russia for the hopes of all nations for a peaceful future to be realized,Austria,Virtual,Multi-national,1/07/2022,Address to the participants of the 4gamechangers festival in vienna,Austria
European integration of Ukraine is a guarantee of a free and prosperous life for all generations of our people,Ukraine,In-person,Multi-national,1/07/2022,Speech at the plenary session of the verkhovna rada,Ukraine
"Russia has chosen the path of war, Ukraine is fighting on the path to peace",Japan,Virtual,National,4/07/2022,Address to the japanese university community,Japan
The reconstruction of Ukraine will be the greatest contribution to the maintenance of global peace,Switzerland,Virtual,Multi-national,4/07/2022,Speech at the ukraine recovery conference in lugano,Switzerland
"Russian tactics must not become the norm, the world order must be restored",South Korea,Virtual,National,13/07/2022,"Address to the participants of the ""asian leadership"" conference in seoul",South Korea
All Russian criminals must face a mandatory and principled punishment,Netherlands,Virtual,Multi-national,14/07/2022,Speech at the international conference in the hague on holding russia accountable for crimes in ukraine,Netherlands
The war did not break Ukraine and will not break or stop life in our country – address of President Volodymyr Zelenskyy at the second Summit of First Ladies and Gentlemen,"Latvia, Lithuania, Serbia, Israel, Germany, Turkey, Croatia, Costa Rica, Brazil, the European Council, the daughter of the President of Lebanon, and the First Lady of Ukraine Olena Zelenska",In-person,Multi-national,23/08/2022,Address at the second summit of first ladies and gentlemen,Ukraine
The democracies of the world are capable of stopping any tyranny,United Kingdom,Virtual,National,26/08/2022,Speech during the awarding of the winston churchill leadership award,United Kingdom
Speech by President Volodymyr Zelenskyy at the Verkhovna Rada session on the occasion of the Day of Ukrainian Statehood,Ukraine,In-person,Multi-national,28/07/2022,Speech at the verkhovna rada session on the occasion of the day of ukrainian statehood,Ukraine
The world must make a choice: an end to Russian atrocities or more explosions of Russian bombs,Australia,Virtual,National,3/08/2022,Address to students and lecturers of australian universities,Australia
"No one will be able to stop the wind carrying radiation, but all of us can stop the terrorist state of Russia","The Netherlands, Germany, Denmark, Finland, Iceland, Norway, Sweden, Poland and the three Baltic states",Virtual,Multi-national,11/08/2022,Speech at the conference of defense ministers of northern european countries and ukraine,Denmark
"Russia deliberately deepening crisis of cost of living in many countries, that is why we must jointly resist its aggression",Chile,Virtual,National,17/08/2022,Speech to university community of chile,Chile
Everything started with Crimea and will end with it - liberation of the peninsula from occupation is necessary,"60 countries -the G7, representatives of the African continent and Latin American countries",In-person,Multi-national,23/08/2022,Speech at the opening of the second crimea platform summit,Czech Republic
We all have to make Russia recognize that the inviolability of borders and peace are unconditional values for all nations,UN nations,Virtual,Multi-national,24/08/2022,Speech at the meeting of the un security council,United States
"Energy independence from Russia is of fundamental importance for all Europeans, and only together can we protect Europe","Norway, USA, others (unclear)",Virtual,Multi-national,29/08/2022,Speech at the offshore northern seas conference 2022,Norway
It is important to do everything so that Russia can never again blackmail either Ukraine or France,France,Virtual,National,29/08/2022,Speech at the annual meeting of french entrepreneurs under the auspices of the medef business association,France
European countries and the entire free world should encourage Russian citizens to fight for a change in Russian policy,Slovenia,Virtual,Multi-national,29/08/2022,Address to the participants of the bled strategic forum (slovenia),Slovenia
The decisive battle for freedom is taking place in Ukraine now; we are grateful to you that we are not alone in this battle,Czech Republic,Virtual,Multi-national,31/08/2022,Address to the participants of the 26th annual forum 2000 conference in prague,Czech Republic
"Russia wants the world to make three mistakes: to get used to the war, to put up with the war and to forget about the war; this intention should never succeed",Italy,Virtual,Multi-national,1/09/2022,Address to the participants of the venice film festival,Italy
"We will do everything so that Ukrainians, Poles and all the peoples of Europe live freely – President of Ukraine addresses the people of Poland on the 83rd anniversary of the outbreak of the Second World War",Poland,Virtual,National,1/09/2022,Speech to the people of poland on the 83rd anniversary of the outbreak of the second world war,Poland
We will force Russia to peace if all our partners keep their word as Ukraine does - speech by President Volodymyr Zelenskyy at the Ambrosetti Forum,Italy,Virtual,Multi-national,2/09/2022,Speech at the ambrosetti forum,Italy
It is on Ukrainian land that the new center of economic growth in Europe will be - President's speech at the meeting with the heads of big businesses in the framework of the opening of the New York Stock Exchange,USA,Virtual,National,6/09/2022,Speech at the meeting with the heads of big businesses in the framework of the opening of the new york stock exchange,United States
"in the world is changing, but the completion of the unification of Europe is impossible without Ukraine - speech by President Volodymyr Zelenskyy at the annual YES meeting",European Union,In-person,Multi-national,10/09/2022,Speech at the annual yes meeting,Ukraine
The state that provokes famine should get the toughest reaction from the world - President's speech at the Global Food Security Summit,"USA, EU, African Union, more (unspecified)",Virtual,Multi-national,21/09/2022,Speech at the global food security summit,United States
Speech by the President of Ukraine at the General Debate of the 77th session of the UN General Assembly,United Nations,Virtual,Multi-national,22/09/2022,Speech at the general debate of the 77th session of the un general assembly,United States
"The more added value Ukraine produces, the more added security the people of the world get",USA,Virtual,Multi-national,23/09/2022,Speech at the forbes 400 summit on philanthropy,United States
"To give hope for the future, and to give people the feeling that they are respected - this is why the First Lady of Ukraine created the Foundation",USA,Virtual,Multi-national,23/09/2022,Speech at the presentation of the olena zelenska foundation,United States
Speech by President Volodymyr Zelenskyy at the meeting of the UN Security Council convened at the initiative of Ukraine,United Nations,Virtual,Multi-national,27/09/2022,Speech at the meeting of the un security council convened at the initiative of ukraine,United States
To act preventively means to prevent catastrophic damage from further actions of Russia,USA,Virtual,National,28/09/2022,Address to students and lecturers of harvard university,United States
"The greater unity we have, the more tangible Russian defeats are",Greece,Virtual,Multi-national,28/09/2022,Address at the athens democracy forum,Greece
We must create a Special Tribunal on the crime of aggression against Ukraine,France,Virtual,National,5/10/2022,"Speech to the participants of the public debate ""war and law"" in paris",France
We need your support to bring back peace faster,USA,Virtual,National,6/10/2022,Speech to the participants of the session of the general assembly of the organization of american states,USA
The world must show the strength needed to put an end to the aggressor's ability to escalate,Australian,Virtual,National,6/10/2022,Speech in the australian lowy institute,Australian
Russian evil will lose when our peace formula prevails,European Union,Virtual,Multi-national,6/10/2022,Speech at the meeting of the leaders of the european political community,Czech Republic
We must never stop defending freedom and democracy,European Union,Virtual,Multi-national,7/10/2022,Speech at the european council meeting,Czech Republic
"We must strengthen our alliances and cooperation, we must get rid of all types of dependence on Russia",Southeast European Nations (unspecified),Virtual,Multi-national,8/10/2022,Address to the participants of the 2bs forum in montenegro,Montenegro
It is necessary to intensify common efforts to create an air shield for Ukraine,"Canada, France, Germany, Italy, Japan, the United Kingdom, the United States, European Union.",Virtual,Multi-national,11/10/2022,Speech at the video conference of the leaders of the group of seven and ukraine,Ukraine
We prepared the nomination file of Odesa for inclusion in the World Heritage List,UNESCO Executive Board,Virtual,Multi-national,11/10/2022,Address to the participants of the 215th session of the unesco executive board,France
"Our cooperation brings the victory of Ukraine closer - speech by President Volodymyr Zelenskyy at the Second Ministerial Roundtable Discussion for Support to Ukraine under the leadership of the Ukrainian Government, the World Bank Group and the IMF","World Bank Group, IMF",Virtual,Multi-national,12/10/2022,"Speech at the second ministerial roundtable discussion for support to ukraine under the leadership of the ukrainian government, the world bank group and the imf",United States
Speech by the President of Ukraine at the autumn plenary session of the Parliamentary Assembly of the Council of Europe,European Union,Virtual,Multi-national,13/10/2022,Address at parliamentary assembly of the council of europe,France
"Russian terror must lose, Ukraine and all of Europe must win",European Union,Virtual,National,20/10/2022,Address to the european council,Belgium
"Do everything to let people know about Russia's terror in Ukraine, spread stories about the victories of freedom",Germany,Virtual,Multi-national,21/10/2022,Address to the participants of the frankfurt book fair,Germany
The alliance between Russia and Iran can be rendered meaningless if we act together,Israel,Virtual,National,24/10/2022,Adress to the participants of the haaretz democracy conference,Israel
"By investing in the recovery of Ukraine, you are investing in a future member of the EU","G7, European Union",Virtual,Multi-national,25/10/2022,"Speech at the international expert conference on the recovery, reconstruction and modernisation of ukraine",Germany
The return of the Ukrainian flag to Crimea will mean the restoration of real peace,"Council of Europe, EU, GUAM, Australia, Austria, Albania, Andorra, Belgium, Bulgaria, Great Britain, Greece, Georgia, Denmark, Estonia, Ireland, Iceland, Spain, Italy, Canada, Cyprus, Latvia, Lithuania, Liberia, Liechtenstein, Luxembourg, Moldova, Netherlands, Germany, New Zealand, Norway, North Macedonia, Poland, Portugal, Romania, Slovakia, Slovenia, Türkiye, Hungary, Ukraine, Finland, France, Croatia, Czech Republic, Montenegro, Sweden, Japan.",Virtual,Multi-national,25/10/2022,Speech at the first parliamentary summit of the crimea platform,Croatia
It is in Ukraine that the global fate of democracy will be determined,USA,Virtual,National,29/10/2022,Address to us senators and the yale community,United States
Lawyers will put an end to this war after the military and politicians,IBA countries,Virtual,Multi-national,31/10/2022,Address to the participants of the meeting organized by the international bar association (iba),United States
"The Liberty Medal is for everyone who fights and works to protect Ukraine, everyone who supports us",USA,Virtual,National,8/11/2022,Speech at the 34th award ceremony of the national constitution center,United States
There can be no effective climate policy without peace on earth,United Nations,Virtual,Multi-national,8/11/2022,Address at the 27th un conference on climate change in sharm el-sheikh,Egypt
Volodymyr Zelenskyy's greetings to US Veterans,USA,Virtual,National,11/11/2022,Speech to us veterans.,United States
"Ukraine has always been a leader in peacemaking efforts; if Russia wants to end this war, let it prove it with actions",G20 nations,Virtual,Multi-national,15/11/2022,Speech at the g20 summit,Indonesia
Take the Ukrainian defense experience to guarantee the security of your people,G20 nations,Virtual,Multi-national,16/11/2022,"Speech in the ""digital transformation"" panel within the g20 summit",Indonesia
"The more forms of terror Russia will use in this war, the more money the world will spend on weapons and defense",Bloomberg New Economy Council and forum participants (states unspecified),Virtual,Multi-national,17/11/2022,Address to the participants of the bloomberg new economy forum,Singapore
"Russian aggression does not stop for a single day, so the pressure on Russia should not stop either, and everyone can do it at their own level",Ireland,Virtual,National,18/11/2022,Address to the university community of ireland,Ireland
"Ukraine wants peace, but for its restoration we need support",France,Virtual,Multi-national,20/11/2022,Address to the members of the international organization of la francophonie,France
"We must remain principled in countering Russian aggression, joint action is true peacekeeping","NATO states: Albania, Belgium, Bulgaria, Canada, Croatia, Czech Republic, Denmark, Estonia, Finland, France, Germany, Greece, Hungary, Iceland, Italy, Latvia, Lithuania, Luxembourg, Montenegro, Netherlands, Norway, Poland, Portugal, the Republic of Macedo",Virtual,Multi-national,21/11/2022,Speech at the annual session of the nato parliamentary assembly,Spain
"Aid to Ukraine today is not just a matter of equipment, it is protection against terror",France,Virtual,National,22/11/2022,Address to the 104th congress of mayors and heads of municipalities of france,France
Ukraine proposes to adopt a resolution condemning energy terror,United Nations,Virtual,Multi-national,24/11/2022,Speech at the meeting of the un security council convened after the missile strikes of the russian federation,United States
I urge you to do everything possible so that the OSCE becomes a co-creator of the victory over Russian terror,OSCE members,Virtual,Multi-national,24/11/2022,Speech at the osce pa,Poland
"Europe's dependence on Russian energy resources began to decrease, and should completely vanish",European Union,Virtual,Multi-national,25/11/2022,Address to the participants of the european idea international symposium,Lithuania
Opening address of President of Ukraine at the inaugural International Summit оn Food Security under Grain from Ukraine humanitarian program,"EU, African Union, approx 30 states (unspecified)",In-person,Multi-national,26/11/2022,Address at the inaugural international summit оn food security under grain from ukraine humanitarian program,Ukraine
Ukraine will become a role model of reconstruction,Ukraine,Virtual,Multi-national,29/11/2022,Address to the general assembly of the international bureau of expositions regarding the holding of expo 2030 in odesa,Ukraine
Whoever started an unprovoked and criminal war must lose and bear responsibility,USA,Virtual,National,7/12/2022,Speech at the madeleine k. Albright democracy awards ceremony,United States
The fate of millions of people who can be saved is being decided on the battlefield in Ukraine,USA,Virtual,National,7/12/2022,Address to robert f. Kennedy human rights foundation,United States
It is an honor for me to represent all Ukrainians,European Union,Virtual,Multi-national,8/12/2022,Speech at the annual announcement of the list of the most influential people in europe politico 28,United States
The spirit of Ukraine is the spirit of freedom that echoes in the souls of people around the world,USA,Virtual,National,9/12/2022,Speech at the time event dedicated to the announcement of remarkable people and events of 2022,United States
Guaranteeing the security of the Mykolaiv region and its ports will be the next step towards ensuring global food security,Turkey,Virtual,Multi-national,9/12/2022,Address to the participants of the trt world forum 2022 in istanbul,Turkey
There must be a single legal front that will overcome Russia's genocidal policy,Ukraine,In-person,Multi-national,9/12/2022,"Speech at ""ua: human rights in dark times"" international conference in kyiv",Ukraine
I propose to convene the Global Peace Formula Summit to determine how we can implement the Ukrainian Peace Formula,G7 nations,Virtual,Multi-national,12/12/2022,Address to the g7 leaders,Germany
"We need the Paris Mechanism, which will help give timely responses to the challenges of Russian energy terror","France, Ukraine, international guests",Virtual,Multi-national,13/12/2022,"Address to the participants of ""in solidarity with the ukrainian people"" conference",France
"The more effectively we combine the power of Ukraine and France, the more we will benefit from it, the more reliable peace will be",France,Virtual,National,13/12/2022,Address to the participants of the forum on the resilience and reconstruction of ukraine in paris,France
I urge you to support the Ukrainian Peace Formula and to start the consolidation of the world for the sake of countering ecocide,New Zealand,Virtual,National,13/12/2022,Speech in the parliament of new zealand,New Zealand
"The most effective protection of freedom, human rights and the rule of law is to hold to account all those who started the war",European Union,Virtual,Multi-national,14/12/2022,Speech at the presentation of the sakharov prize,France
Macro-financial support for Ukraine and strengthening EU sanctions against Russia are also weapons in the defense of freedom,European Union,Virtual,Multi-national,15/12/2022,Speech at the meeting of the european council,Belgium
Russian aggression can and must fail; our task is to speed it up,United Kingdom,Virtual,Multi-national,19/12/2022,Address to the participants of the meeting of the leaders of the united kingdom's joint expeditionary force (jef),United Kingdom
"We stand, we fight and we will win. Because we are united. Ukraine, America and the entire free world",USA,In-person,National,22/12/2022,Address in a joint meeting of the us congress,United States
Address by the President of Ukraine at the solemn session of the Seimas of the Republic of Lithuania on the occasion of the Day of Freedom Defenders and the ceremony of awarding the Freedom Prize of the Republic of Lithuania,Lithuania,Virtual,National,13/01/2023,Address at the solemn session of the seimas of the republic of lithuania on the occasion of the day of freedom defenders and the ceremony of awarding the freedom prize of the republic of lithuania,Lithuania
"We can restore peace throughout Ukraine, but for this we must be together",Germany,Virtual,National,17/01/2023,Speech in an online meeting with german students,Germany
Mobilization of the world must outpace the next military mobilization of our joint enemy,World Economic Forum members,Virtual,Multi-national,18/01/2023,Speech at “restoring security and peace” session during the annual meeting of the world economic forum,Switzerland
"Russia must be held to account for every Ukrainian family killed, for every burned Ukrainian city and village, we have to restore justice",Switzerland,Virtual,National,19/01/2023,Address to the attendees of the russian war crimes exhibition in davos,Switzerland
It is in your power to make a Ramstein of tanks,Group on Defense of Ukraine: EU. NATO. Albania. Belgium. Bulgaria. Canada. Croatia. Czech Republic. Denmark. Estonia. Finland. France. Germany. Greece. Hungary. Iceland. Italy. Latvia. Lithuania. Luxembourg. Montenegro. Netherlands. North Macedonia. Norway. Poland. Portugal. Romania. ... Australia. Austria. Bosnia and Herzegovina. Cyprus. Georgia. Ireland.,Virtual,Multi-national,20/01/2023,"Speech at the meeting of the advisory group on defense of ukraine in the ""ramstein"" format",Germany
The world needs more determination and cooperation to stop the tyrant who tries to use famine as his tool,Germany,Virtual,National,21/01/2023,Address to berlin agriculture ministers' conference participants,Germany
"After the end of the war, American business can become a locomotive of global economic growth",National Association of State Chambers,Virtual,National,23/01/2023,Address to the participants of the meeting of the national association of state chambers,United States
This year should be the time when no obstacles remain to the start of negotiations on Ukraine's membership in the EU,European Union,In person,Multi-national,2/02/2023,Address at the joint meeting of the cabinet of ministers and the european commission board,Brussels
We must do everything we can so that next year we will be able to pray with thanks for the obtained salvation from evil,USA,Virtual,National,2/02/2023,Address to the participants of the national prayer breakfast in the united states,United States
"Combat aircrafts – for Ukraine, wings – for freedom",United Kingdom,In person,National,8/02/2023,Address to both houses of parliament of the united kingdom,United Kingdom
Russia is trying to destroy the Ukrainian European way of life; we will not allow that,European Union,In person,Multi-national,9/02/2023,Speech at the special plenary session of the european parliament,Belgium
We must guarantee security of Europe,European Union,In person,Multi-national,9/02/2023,Address to the participants of the special session of the european council,Belgium
"If Russian athletes are allowed to participate in the Olympic Games, it's just a matter of time before the Russian Federation forces them to play along with the war propaganda",United Kingdom,Virtual,Multi-national,10/02/2023,Address to the participants of the summit of the sports ministers,United Kingdom
We are already confident that at the end of the road we will remain free and gain peace,Norway,Virtual,National,16/02/2023,Speech at a special session of the storting (norway),Norway
Culture and cinema cannot be outside politics when it is a policy of aggression,Germany,Virtual,Multi-national,17/02/2023,Address to the participants and guests of the 73rd berlin international film festival,Germany
"We have to liberate Ukraine and Europe, because when the Russian weapon shoots at us, it is already pointed at our neighbors",Germany,Virtual,Multi-national,17/02/2023,Address at the munich security conference,Germany
"The aggressor must always lose, every state in the world must have the right to independence and respect","Caribbean Community members: Antigua and Barbuda, Belize, Dominica, Grenada, Haiti, Montserrat, St. Kitts and Nevis, St. Lucia, St. Vincent and the Grenadines, The Bahamas, Barbados, Guyana, Jamaica, Suriname, Trinidad and Tobago.",Virtual,Multi-national,17/02/2023,Address to participants of 44th regular meeting of conference of government heads of caribbean community,Bahamas
We will make the Ukrainian Peace Formula the basis of a new security in Europe and the world,Lithuania,Virtual,National,25/02/2023,Address to participants of international forum in kaunas (lithuania),Lithuania
"With our courage and weapons, we can restore peace and create a safeguard against any aggressions",Denmark,Virtual,National,25/02/2023,Address to participants of the event of the federal president of germany dedicated to solidarity with ukraine,Denmark
Ukrainian flags on the streets of Danish cities show love of freedom and courage,Denmark,Virtual,National,25/02/2023,Address to the danish people on the occasion of the anniversary of the full-scale russian invasion of ukraine,Denmark
"I urge you to come to Ukraine now, so that by the time of victory, your hard work has already yielded results",USA,Virtual,Multi-national,28/02/2023,Speech at the spring session of the board of directors of the national association of manufacturers (u.s.),United States
The world needs a real embodiment of the rule of law to protect humanity from the source of all aggressions,Ukraine,In person,Multi-national,3/03/2023,Address at the united for justice conference in lviv,Ukraine
"Aid to Ukraine now is an investment in global peace, real architecture of security",USA,Virtual,National,10/03/2023,Address to american enterprise institute world forum participants,United States
"If Europe hesitates, evil can prepare itself for years of war, it is in your power not to allow this to happen",European Union,Virtual,Multi-national,23/03/2023,Address to the participants of the european council meeting,Belgium
Democracy needs victory already now,USA,Virtual,Multi-national,29/03/2023,Speech at the plenary session of the second summit for democracy chaired by the u.s. President,United States
Supporting our people now means understanding how important it is not to remain morally neutral towards evil,Austria,Virtual,National,30/03/2023,Address to the national council of the republic of austria,Austria
"The enemy of freedom must lose, that is why we ask the USA for support",USA,Virtual,Multi-national,4/04/2023,Speech at an online meeting with members of the u.s. National association of governors,United States
Such a war as Russia is currently waging against Ukraine cannot be the norm,"Chile, USA, internaitonal audience",Virtual,Multi-national,5/04/2023,Address at a joint meeting of the senate and the chamber of deputies of the national congress of chile,Chile
Russia cannot win in Europe when a Ukrainian and a Pole stand side by side,"Ukraine, Poland",In person,Multi-national,5/04/2023,"Address to the deputies of both chambers of the national assembly, representatives of the public of ukraine and poland",Poland
"In the war, all frontlines need attention and strength, especially the financial frontline - President's speech at the third meeting of the ministerial round table on support for Ukraine","Ukraine, the World Bank Group, and the IMF",Virtual,Multi-national,12/04/2023,Address to the third meeting of the ministerial round table on support for ukraine.,United States
We  are opening a new level of interaction between communities of Ukraine and communities of partner states - speech by Volodymyr Zelenskyy at the International Summit of Cities and Regions in Kyiv,European Union,In person,Multi-national,20/04/2023,"Address to the congress of local and regional authorities of ukraine, including representatives of eu institutions (inc. the council of europe).",Ukraine
"Peace must become irreplaceable, that is why evil must lose – speech by the President of Ukraine before the General Congress of the United Mexican States",United Mexican States,Virtual,National,21/04/2023,Address to the general congress of the united mexican states,Mexico
"Ukraine has a unique experience of protecting the state and people in the conditions of aggression, so we invite Italy to build a new security of the world together",Italy,Virtual,National,26/04/2023,Speech at the ukraine recovery conference in rome,Italy
The Hague is becoming a real hub of justice for all victims of aggression and other international crimes - address by the President of Ukraine in the Dutch Parliament,Netherlands,In-person,National,4/05/2023,Members of the dutch parliament.,Netherlands
"Speech by Volodymyr Zelenskyy to representatives of the public, political and expert circles of the Kingdom of the Netherlands and international institutions based in The Hague ",Netherlands,In-person,National,4/05/2023,Members of the dutch parliament and dutch policymakers.,Netherlands
"Two more areas added to United24: ""Education and Science"" and ""Demining"" – Volodymyr Zelenskyy speaking at United24 Summit",Ukraine,In-person,Multi-national,5/05/2023,Speech in kyiv at the united24 summit to donors.,Ukraine
The aggressor's accountability for the crime must be inevitable – President's speech at the online summit of Core Group leaders on the establishment of the Special Tribunal for the crime of aggression against Ukraine,EU countries,Virtual,Multi-national,9/05/2023,Speech from kiev to european leaders and policymakers.,EU countries
Europe and other parts of the world should not be a place where the ambitions of tyrants destroy the lives of nations - speech by President of Ukraine at the International Charlemagne Prize of Aachen award ceremony,Germany,In-person,Multi-national,14/05/2023,To european leaders and policymakers interested in ukrainian integration in the eu.,Germany
"We are Europeans, so we act at one hundred percent of our strength when it comes to protecting our way of life – speech by the President of Ukraine at the opening of the Fourth Summit of the Council of Europe",Iceland,Virtual,Multi-national,16/05/2023,To european leaders and policymakers interested in ukrainian integration in the eu.,Iceland
I call on you to help protect our people including the Ukrainian Muslim community - address by the President of Ukraine at the Arab League Summit,Saudi Arabia,In-person,Multi-national,19/05/2023,To arab political leaders.,Saudi Arabia
We need global leadership of democracy - President Volodymyr Zelenskyy's speech at the session of the G7 Summit and Ukraine ,Japan,In-person,Multi-national,21/05/2023,To g7 leaders.,Japan
"Speech by President Volodymyr Zelenskyy at the working session of the Summit ""Towards a peaceful, stable and prosperous world"" with the participation of G7 countries, Ukraine and partners",Japan,In-person,Multi-national,21/05/2023,To g7 leaders.,Japan
Everyone in the world must do everything possible to ensure that wars leave only shadows on the stones of history – address by the President of Ukraine to the people of Japan,Japan,In-person,National,21/05/2023,To the japanese people at the g7 summit.,Japan
"I am certain you will continue to lead the free world, and this century will be our century, where freedom, innovation and democratic values reign – address by the President of Ukraine to the graduates of Johns Hopkins University",United States,Virtual,National,25/05/2023,To graduates of john hopkins university,United States
Every doubt in Europe is a trench that Russia will definitely try to occupy – speech by the President of Ukraine at the second meeting of the European Political Community,Moldova,In-person,Multi-national,1/06/2023,To representatives at the european political community.,Moldova
It is necessary to consolidate the world for Russia to bear responsibility for ecocide and for Ukraine not to be left alone with this tragedy - President's address to the representatives of the world environmental protection community,Global,Virtual,Multi-national,8/06/2023,To representatives of the world environmental protection community.,Global
Joint address by President of Ukraine Volodymyr Zelenskyy and Prime Minister of Canada Justin Trudeau to Canadian journalists at the Press Gallery Dinner in Ottawa,Canada,In-person,National,11/06/2023,To canadian journalists in ottowa.,Canada
"By supporting Ukraine, the world supports protection from war, because the source of aggression is outside our borders - Volodymyr Zelenskyy's address to the Federal Assembly and the people of the Swiss Confederation",Switzerland,Virtual,National,15/06/2023,To the people of the swiss confederation.,Switzerland
This is a historic time to start negotiations on Ukraine's membership in the European Union - speech by President Volodymyr Zelenskyy at the meeting of the European Council,Belgium,Virtual,Multi-national,29/06/2023,To the representatives of the european council.,Belgium
No one in the world should be left alone with the enemy of freedom who uses ecocide as his weapon and threatens with radiation catastrophe - President's address to the university community of Argentina,Argentina,Virtual,National,5/07/2023,To argentine university students.,Argentina
"Defense support means saving freedom - speech by the President of Ukraine at the meeting with representatives of Bulgarian political circles, civil society and media",Bulgaria,In-person,National,6/07/2023,"Meeting with representatives of bulgarian political circles, civil society and media",Bulgaria
"Ukraine believed in Denmark when the evil invasion began, and I thank you for trusting us – President's speech to the members of the Folketing",Denmark,In-person,National,21/08/2023,President's speech to the members of the folketing,Denmark
"With our victory and cooperation we will prove that people matter, freedom matters, Europe matters – Volodymyr Zelenskyy's speech to the public of Ukraine and Denmark",Denmark,In-person,National,21/08/2023,Speech to the public of ukraine and denmark,Denmark
"Russia caused the isolation of Crimea, we will return the whole world to Crimea - President's speech at the third Crimea Platform Summit",Ukraine,In-person,Multi-national,23/08/2023,Speech at the third crimea platform summit,Ukraine
No doubt that Italy's G7 presidency will provide strong solutions for global security – address of President of Ukraine to participants of Ambrosetti Forum held in Cernobbio,Italy,Virtual,Multi-national,1/09/2023,Address of president of ukraine to participants of ambrosetti forum held in cernobbio,Italy
No one can be left alone with war and its consequences in mind and soul – speech of President of Ukraine at third Summit of First Ladies and Gentlemen,Ukraine,In-person,Multi-national,6/09/2023,Speech of president of ukraine at third summit of first ladies and gentlemen,Ukraine
"For many in the world, Ukraine is now a personal moral choice - President's speech at the Yalta European Strategy Forum",Ukraine,In-person,Multi-national,8/09/2023,Speech at the yalta european strategy forum,Ukraine
Nowadays humanity must act in full solidarity to save lives - President Volodymyr Zelenskyy's speech during the General Debate of the UN General Assembly,United States,In-person,Multi-national,19/09/2023,Speech during the general debate of the un general assembly,United States
"To prevent turmoil on the global food market, we can establish grain hubs – Volodymyr Zelenskyy's speech at the SDG Summit",United States,In-person,Multi-national,20/09/2023,Speech at the sdg summit,United States
"The use of veto power requires reform, and this can be a key reform in the UN – address by the President of Ukraine at the UN Security Council meeting",United States,In-person,Multi-national,20/09/2023,Address by the president of ukraine at the un security council meeting,United States
"Speech by the President and the First Lady of Ukraine to the U.S. government and business representatives, media and Ukrainian community",United States,In-person,National,22/09/2023,"To the u.s. government and business representatives, media and ukrainian community",United States
This Russian aggression must end with our victory - speech by President Volodymyr Zelenskyy at the solemn session of the Parliament of Canada,Canada,In-person,National,23/09/2023,At the solemn session of the parliament of canada,Canada
Speech by President of Ukraine Volodymyr Zelenskyy at a meeting with representatives of the Canadian community,Canada,In-person,National,23/09/2023,At a meeting with representatives of the canadian community,Canada
We are laying the foundation for the arsenal of the free world – speech by the President of Ukraine at the First International Defense Industries Forum,Ukraine,In-person,Multi-national,30/09/2023,At the first international defense industries forum,Ukraine
Our common victory explicitly depends on our cooperation – speech by the President of Ukraine at the EU-Ukraine Foreign Ministers’ meeting,Ukraine,In-person,Multi-national,2/10/2023,At the eu-ukraine foreign ministers’ meeting,Ukraine
"To ensure that in the future there is no war in Europe, our unity must work to the full capacity – speech by the President of Ukraine at the inaugural plenary session of the 3rd European Political Community Summit",Spain,In-person,Multi-national,5/10/2023,At the inaugural plenary session of the 3rd european political community summit,Spain
Our unity must and can stop the evil – address by the President of Ukraine at the session of the NATO Parliamentary Assembly,Denmark,In-person,Multi-national,9/10/2023,Address by the president of ukraine at the session of the nato parliamentary assembly,Denmark
We need to get the instrument of terror out of Russia's hands – speech by the President at the meeting of the Ukraine Defense Contact Group in the Ramstein format,Germany,In-person,Multi-national,11/10/2023,Speech by the president at the meeting of the ukraine defense contact group in the ramstein format,Germany
"If we can get rid of grey geopolitical zones, we must do it – speech of President Volodymyr Zelenskyy at the meeting of the College of the European Commission",Belgium,Virtual,Multi-national,24/10/2023,Speech of president volodymyr zelenskyy at the meeting of the college of the european commission,Belgium
"President at the Crimea Platform Summit: Our goal is the complete de-occupation of our land, including Crimea; we must implement it",Czech Republic,Virtual,Multi-national,24/10/2023,Representatives at the crimea platform summit.,Czech Republic
Russia needs to see that its ambitions as an invader will endure less than our ability to defend our freedom – address of the President of Ukraine to the participants of the meeting of the European Council at the level of the leaders of the EU states,Belgium,Virtual,Multi-national,26/10/2023,Address of the president of ukraine to the participants of the meeting of the european council at the level of the leaders of the eu states,Belgium
"When our voices are heard in unison, we will prevail, and peace, justice and the rule of law will be restored – address by President Volodymyr Zelenskyy to students and professors of universities in Mexico",Mexico,Virtual,National,9/11/2023,Address by president volodymyr zelenskyy to students and professors of universities in mexico,Mexico
The cooperation and unity of all who truly value peace that can prevent catastrophes and stop the suffering of peoples – address of the President of Ukraine to the participants of the Paris Peace Forum,France,Virtual,Multi-national,10/11/2023,Address of the president of ukraine to the participants of the paris peace forum,France
The Black Sea Economic Cooperation Organization deserves to be restarted and revitalized – speech by the President of Ukraine at the PABSEC Summit,Turkey,Virtual,Multi-national,16/11/2023,Speech by the president of ukraine at the pabsec summit,Turkey
No one in recent decades has caused greater harm to free navigation than Russia – address by the President of Ukraine to the participants of the 33rd Assembly of the International Maritime Organization,United Kingdom,Virtual,Multi-national,27/11/2023,Address by the president of ukraine to the participants of the 33rd assembly of the international maritime organization,United Kingdom
"The free world vitally needs to maintain its consolidation, interaction and support for those whose freedom is being attacked – address by the President of Ukraine to the participants of the online summit of G7 leaders",Japan,Virtual,Multi-national,6/12/2023,Address by the president of ukraine to the participants of the online summit of g7 leaders,Japan
Freedom must always prevail when challenged – speech by the President of Ukraine at the National Defense University of the United States,United States,In-person,National,11/12/2023,Speech by the president of ukraine at the national defense university of the united states,United States
"Together, we can make sure that Russia does not win, and we will do it – President's speech at the special plenary session of the Storting of Norway",Norway,In-person,National,13/12/2023,President's speech at the special plenary session of the storting of norway,Norway
"Europe must win, agreements must be honored – address by the President of Ukraine to the participants of the European Council meeting",Belgium,Virtual,Multi-national,14/12/2023,Address by the president of ukraine to the participants of the european council meeting,Belgium
"The more we do together, the fewer chances the enemies of freedom have to break us – address by the President of Ukraine to the participants of the annual Swedish conference ""Society and Defense""",Sweden,Virtual,National,7/01/2024,"Address by the president of ukraine to the participants of the annual swedish conference ""society and defense""",Sweden
Together we are changing history for the better – President Volodymyr Zelenskyy's speech to the public of Lithuania and Ukraine,Lithuania,In-person,National,10/01/2024,President volodymyr zelenskyy's speech to the public of lithuania and ukraine,Lithuania
"We must win this battle, as it determines the global attitude toward freedom – speech by the President of Ukraine at a special plenary session of the Riigikogu",Estonia,In-person,National,11/01/2024,Speech by the president of ukraine at a special plenary session of the riigikogu,Estonia
Every investment in the confidence of the defender shortens the war – speech by the President of Ukraine to the participants of the special meeting of the World Economic Forum in Davos,Switzerland,In-person,Multi-national,16/01/2024,Speech by the president of ukraine to the participants of the special meeting of the world economic forum in davos,Switzerland
"Ukraina i Polska mogą być wolne tylko razem, і to jest zasadniczy przejaw jedności, którego potrzebuje teraz cała Europa – przemówienie Prezydenta Wołodymyra Zełenskiego [Ukraine and Poland can be free only together, and this is a fundamental manifestation of the unity that all of Europe needs now]",Poland,In-person,National,22/01/2024,To members of the sejm and the people of poland.,Poland
Do not ask Ukraine when the war will end. Ask yourself – why Putin is still able to continue it – speech by President Volodymyr Zelenskyy at the Munich Security Conference,Germany,In-person,Multi-national,17/02/2024,Speech by president volodymyr zelenskyy at the munich security conference,Germany
We must be united just as our common victory demands – address of the President of Ukraine to the G7 leaders,Italy,In-person,Multi-national,24/02/2024,Address of the president of ukraine to the g7 leaders,Italy
We must do everything to ensure that the clause of the Peace Formula on the return of all prisoners and deportees is implemented – address by Volodymyr Zelenskyy to the participants of the International Platform for the Release of Civilians Illegally Deta,Ukraine,In-person,Multi-national,26/02/2024,Address by volodymyr zelenskyy to the participants of the international platform for the release of civilians illegally deta,Ukraine
We believe that respect for every nation and the right of nations to security and independent choice of their destiny should be universal principles – address by President Volodymyr Zelenskyy at the opening of the Ukraine – South East Europe Summit,Albania,In-person,Multi-national,28/02/2024,Address by president volodymyr zelenskyy at the opening of the ukraine – south east europe summit,Albania
Our Europe needs real defense self-sufficiency – address by the President of Ukraine at the European Council meeting,Belgium,Virtual,Multi-national,21/03/2024,Address by the president of ukraine at the european council meeting,Belgium
"Ukraine does not ask too much: we need air defense systems, fighter jets, artillery, justice – President at the Delphi Economic Forum",Greece,Virtual,Multi-national,10/04/2024,Eu representatives at the delphi economic forum,Greece
This Year Should Be the Time to Take Steps to Make Our Victory Over Russian Terror Real – the President at the Three Seas Summit,Lithuania,In-person,Multi-national,11/04/2024,Eu representatives at the three seas summit,Lithuania
The President During the Special Meeting of the European Council: The Beginning of this Day Reflects our Current Key Need - the Need for Air Defense,Belgium,Virtual,Multi-national,18/04/2024,Eu representatives at the european council,Belgium
Please Spread the Truth About the War in Your Countries and Help Bolster Our Air Defense – Speech by the President at the Meeting with Foreign and Ukrainian Ambassadors,Ukraine,In-person,Multi-national,24/04/2024,Foreign and ukrainian diplomats,Ukraine
"We Are Waiting for the African Leaders at the Peace Summit, and We Wish You All Peace – the President of Ukraine Addressed African Nations on the Africa Day",African countries,Virtual,Multi-national,25/04/2024,This was a special televised address to citizens of african countries.,African countries
Speech by Volodymyr Zelenskyy at the Plenary Session “Re-Imagining Solutions for Global Peace and Regional Stability” Held in Singapore,Singapore,In-person,Multi-national,2/06/2024,Foreign ministers of defence and defence policymakers.,Singapore
"This Russian Regime Does Not Recognize Borders, Even Europe Is Not Enough for It – President's Address to the National Assembly of France",France,In-person,National,7/06/2024,President's address to the national assembly of france,France
Speech by Volodymyr Zelenskyy at the Ukraine Recovery Conference 2024,Germany,In-person,National,11/06/2024,Mostly german policymakers and politicians.,Germany
"It Is Our Leadership and the Will of Ukrainians that Must Work for Peace, Europe and Life – the President at his Speech in the Bundestag",Germany,In-person,National,11/06/2024,Representatives in the bundestag,Germany
"This Is a Really Special Format of the G7, a Global Meeting That Brings Together Different Parts of the World – Speech by the President of Ukraine at the G7 Summit",Italy,In-person,Multi-national,13/06/2024,Speech by the president of ukraine at the g7 summit,Italy
Today Is the Day When the World Begins to Bring Just Peace Closer – Speech by the President of Ukraine at the First Plenary Session of the Global Peace Summit,Switzerland,In-person,Multi-national,15/06/2024,Speech by the president of ukraine at the first plenary session of the global peace summit,Switzerland
Address by the President of Ukraine at the Second Plenary Session of the Global Peace Summit,Switzerland,In-person,Multi-national,16/06/2024,Speech by the president of ukraine at the first plenary session of the global peace summit,Switzerland
Statement by President of Ukraine Volodymyr Zelenskyy During a Meeting with Media Representatives Following the Global Peace Summit,Switzerland,In-person,Multi-national,16/06/2024,Press conference for journalists at the global peace summit,Switzerland
Every European Nation that Shares Common European Values Should Be Part of the European Family – Speech of the President of Ukraine at the European Council Meeting,Belgium,In-person,Multi-national,27/06/2024,European representatives of the european council,Belgium
"Together with America, the World Is Capable of Doing the Right Things – Speech by Volodymyr Zelenskyy at the Ronald Reagan Presidential Foundation and Institute",United States,In-person,National,10/07/2024,Policymakers and scholars at the ronald reagan presidential foundation and institute,United States
I Invite You to Build People-to-People Connections That Will Last Forever – Speech by the President of Ukraine at the Meeting of the US National Governors Association,United States,In-person,National,12/07/2024,Speech by the president of ukraine at the meeting of the us national governors association,United States
"When the Aggressor Loses, the World Wins – Speech by the President of Ukraine at the Fourth European Political Community Summit",United Kingdom,In-person,Multi-national,18/07/2024,Speech by the president of ukraine at the fourth european political community summit,United Kingdom
We Need This Step – a Step That Will Force Russia to Seek Peace – Speech by the President of Ukraine at the Meeting of the UK Government,United Kingdom,In-person,National,18/07/2024,The uk government,United Kingdom
Let’s Make This Fall a Time for Russian Aggression to Fall – President's Speech at the 24th Meeting of the Ukraine Defense Contact Group in the Ramstein Format,Germany,In-person,Multi-national,6/09/2024,Speech by the president at the meeting of the ukraine defense contact group in the ramstein format,Germany
Ukraine Is Not Asking for Anything More Than What Your Country or Any Other Country Already Has – Speech by the President at the 50th Ambrosetti International Forum,Italy,In-person,National,6/09/2024,Speech by the president at the 50th ambrosetti international forum,Italy
Ukraine Does Not Trade Its Land and Does Not Abandon Its People – Speech by the President at the Fourth Summit of the International Crimea Platform,Ukraine,In-person,Multi-national,11/09/2024,Speech at the fourth crimea platform summit,Ukraine
Children's Safety Is Everyone’s Concern Today – President's Speech at the Fourth Summit of First Ladies and Gentlemen,Ukraine,In-person,Multi-national,12/09/2024,President's speech at the fourth summit of first ladies and gentlemen,Ukraine
The War Must Become Significantly Harder for Russia – President's Speech at the Opening of the 20th Annual Yalta European Strategy Meeting,Ukraine,In-person,Multi-national,13/09/2024,President's speech at the opening of the 20th annual yalta european strategy meeting,Ukraine
"We Need Not to Lose the Next Few Months in War, So That We Don’t Lose the Next Decades – Speech by the President of Ukraine at the American Academy of Achievement Awards Ceremony",United States,In-person,National,23/09/2024,American policymakers and politicians,United States
We Know Exactly How Much Global Unity Can Achieve – Speech by the President of Ukraine at the Plenary Session of the Summit of the Future,United States,In-person,Multi-national,23/09/2024,Un audience,United States
Russia’s War Against Ukraine Will End Because the UN Charter Will Work – Speech by the President of Ukraine at the High Level Meeting of the UN Security Council,United States,In-person,Multi-national,24/09/2024,Un security council audience,United States
There Can Be No Just Peace Without Ukraine - Speech of the President at the UN General Assembly,United States,In-person,Multi-national,25/09/2024,Unga,United States
"Today, We Are Laying the Foundation for the Architecture of Recovery - Speech by the President at the G7+ Ukraine Meeting",United States,In-person,Multi-national,26/09/2024,G7 leaders and policymakers of their countries,United States
Statement by the President of Ukraine Before Meeting with the President of the United States,United States,In-person,National,26/09/2024,American policymakers and the press,United States
Ukraine Can and Will Create the Best Weapons – President's Speech at the Second International Defense Industries Forum,Ukraine,In-person,Multi-national,1/10/2024,Defence industry giants and policymakers,Ukraine
Russia Must Accept That Europe Has Borders – Speech by the President at the Ukraine – South-East Europe Summit,Croatia,In-person,Multi-national,9/10/2024,Balkan and south european leaders and diplomats.,Croatia
"Ukraine Is Ready for Real Diplomacy; but for It, We Must Be Strong – Speech by the President at the Meeting of the European Council",Belgium,In-person,Multi-national,17/10/2024,European representatives of the european council,Belgium
"Words Like “Occupation,” “Captivity,” and “Deportation” Should Have No Power Anywhere in the World – Speech by the President at the Parliamentary Summit of the Crimea Platform",Latvia,Virtual,Multi-national,24/10/2024,To leaders of the crimea platform,Latvia
Russian Threats of Escalation Should Not Undermine Our Resolve – Speech by the President at the Ukraine-Nordic Summit,Iceland,In-person,Multi-national,28/10/2024,"Leaders, diplomats, and policymakers of the nordic states",Iceland
"May Your Decisions End the War and Bring Lasting Peace, not a Temporary Illusion – Speech by the President at the 76th Session of the Nordic Council",Iceland,In-person,Multi-national,29/10/2024,"Leaders, diplomats, and policymakers of the nordic states",Iceland
Every Operating Enterprise Is an Investment in the Future of Our State – Address by the President to the Participants of the Kyiv International Economic Forum,Ukraine,In-person,Multi-national,7/11/2024,To the participants of the kyiv international economic forum,Ukraine
The Concept of “Peace Through Strength” Has Proven Its Realism and Effectiveness More Than Once – Speech by the President at the European Political Community Summit,Hungary,In-person,Multi-national,7/11/2024,To representatives at the european political community.,Hungary
What the Future Will Look Like Depends on Each of Us Today – Speech by President to the Students of Colombian Universities,Colombia,Virtual,National,15/11/2024,Speech by president to the students of colombian universities,Colombia
Ukraine Deserves to Make the Next Year the Year of Peace – Address by the President to the Participants of the European Parliament's Extraordinary Session Marking 1000 Days of Full-Scale War,Belgium,Virtual,Multi-national,19/11/2024,Members of the eu parliament,Belgium
"During the Operation of Our Grain From Ukraine Program, We Have Managed to Save 20 Million People from Hunger – Speech by the President at the Third International Grain From Ukraine Conference",Ukraine,In-person,Multi-national,23/11/2024,Speech by the president at the third international grain from ukraine conference,Ukraine
"We All See, In Particular, How Weak the World's Response Is to What Russia Is Doing to Ukrainian Prisoners – Address by The President to the Human Rights Community",Ukraine,Virtual,Multi-national,5/12/2024,Address by the president to the human rights community,Ukraine
We Need to Establish Peace in a Way That Putin Can No Longer Break – President’s Address to the JEF Summit Participants,Estonia,Virtual,Multi-national,17/12/2024,Represenatives of countries in the joine expeditionary force (jef),Estonia
"Europe and America Can Push the War to an End, Fair and Reliable Peace – Speech by the President at the Meeting of the European Council",Belgium,In-person,Multi-national,19/12/2024,European representatives of the european council,Belgium
When We Come and Belong Together – No One Is Too Small to Make a Real Impact on History – Speech by the President at the Ramstein Meeting,Germanyq,In-person,Multi-national,9/01/2025,Ramstein partocipants,Germanyq
"Europe Needs to Compete for the Top Spot in Priorities, Alliances, and Technological Development – Speech by the President at the World Economic Forum",Switzerland,In-person,Multi-national,21/01/2025,Wef audience,Switzerland
I Really Believe That Time Has Come: The Armed Forces of Europe Must Be Created – Speech by the President at the Munich Security Conference,Germany,In-person,Multi-national,15/02/2025,Speech by the president at the munich security conference,Germany
"We Must Win Peace through Strength, Wisdom, and Unity – through Our Cooperation with You – Speech by the President at the “Support Ukraine” Plenary Session",Ukraine,In-person,Multi-national,24/02/2025,Speech by the president at the “support ukraine” plenary session,Ukraine
"It’s Essential That When We Negotiate With Russia, the Strongest Defenders of Freedom Are at the Table – America, Europe, and Ukraine – Speech by Volodymyr Zelenskyy at the G7 Leaders’ Session",Ukraine,In-person,Multi-national,24/02/2024,G7 leaders,Ukraine
"Ukraine Is Not Only Ready to Take the Necessary Steps for Peace, but We Are Also Proposing What Those Steps Are – Speech by the President at the Meeting of the European Council",Belgium,In-person,Multi-national,6/03/2025,European representatives of the european council,Belgium
The Path to Peace Must Begin Unconditionally – Speech by the President at the Virtual Meeting of State Leaders,Virtual conference set up by the UK,Virtual,Multi-national,15/03/2025,Leaders organised by keir starmer of the uk,Virtual conference set up by the UK
Europe Needs Speed in Making Decisions and Clear Tools to Protect Itself from Unnecessary Blockages – Speech by the President at the Meeting of the European Council,Belgium,Virtual,Multi-national,20/03/2025,European representatives of the european council,Belgium
Sanctions Must Stay In Place for as Long as the Aggression and Occupation Continue – Speech by the President at the Leaders’ Summit on Support for Ukraine,France,In-person,Multi-national,27/03/2025,Leaders organised by emmanuel macron of france,France
Justice Must Be Served to Prevent Evil from Proliferating – Speech by the President to the Participants of the Bucha Summit,Ukraine,In-person,Multi-national,31/03/2024,Leaders of european countries,Ukraine
The Free World Has Ten Patriot Systems; Political Decisions Are Needed to Make Them Work for Peace – Address by the President at the Ramstein Meeting,Belgium,Virtual,Multi-national,11/04/2025,Representatives of allies at the ramstein meeting,Belgium
We Need More Security Cooperation – Speech by the President at the Three Seas Summit,Poland,Virtual,Multi-national,29/04/2024,Leaders of countries in the three seas summit,Poland
Russia Must Be Held Accountable for Its Aggression Just as the Nazis Were – President’s Address at the Meeting of EU Foreign Affairs Ministers,Ukraine,Virtual,Multi-national,9/05/2025,European foreign ministers,Ukraine
Diplomacy Needs Silence – President’s Address at the JEF Member States Summit,Norway,Virtual,Multi-national,9/05/2025,Jef member states leaders,Norway
Ukraine Is Ready to Move Toward Peace Quickly and Constructively – Speech by the President at the Meeting of Leaders of the Coalition of the Willing,Ukraine,In-person,Multi-national,10/05/2025,European country leaders and allies,Ukraine
"Number One Priority Is a Full, Unconditional, and Honest Ceasefire – Speech by the President at the European Political Community Summit",Albania,In-person,Multi-national,16/05/2025,European community member state leaders,Albania
